{
    "taskDefinitionArn": "arn:aws:ecs:eu-north-1:590183925320:task-definition/nodejs-app-task-definition:88",
    "containerDefinitions": [
        {
            "name": "nodejs-app",
            "image": "590183925320.dkr.ecr.eu-north-1.amazonaws.com/nodejs-app:900cc9691aed3aca222c4947022815e79b979083",
            "cpu": 0,
            "portMappings": [
                {
                    "name": "nodejs-app-3000-tcp",
                    "containerPort": 5000,
                    "hostPort": 5000,
                    "protocol": "tcp",
                    "appProtocol": "http"
                }
            ],
            "essential": true,
            "environment": [],
            "mountPoints": [],
            "volumesFrom": [],
            "logConfiguration": {
                "logDriver": "awslogs",
                "options": {
                    "awslogs-group": "/ecs/nodejs-app-task-definition",
                    "awslogs-create-group": "true",
                    "awslogs-region": "eu-north-1",
                    "awslogs-stream-prefix": "ecs"
                },
                "secretOptions": []
            },
            "healthCheck": {
                "command": [
                    "CMD-SHELL",
                    "curl -f http://localhost:5000/api/test || exit1"
                ],
                "interval": 30,
                "timeout": 5,
                "retries": 3
            },
            "systemControls": []
        }
    ],
    "family": "nodejs-app-task-definition",
    "taskRoleArn": "arn:aws:iam::590183925320:role/ecsTaskExecutionRole",
    "executionRoleArn": "arn:aws:iam::590183925320:role/ecsTaskExecutionRole",
    "networkMode": "awsvpc",
    "revision": 88,
    "volumes": [],
    "status": "ACTIVE",
    "requiresAttributes": [
        {
            "name": "com.amazonaws.ecs.capability.logging-driver.awslogs"
        },
        {
            "name": "com.amazonaws.ecs.capability.docker-remote-api.1.24"
        },
        {
            "name": "ecs.capability.execution-role-awslogs"
        },
        {
            "name": "com.amazonaws.ecs.capability.ecr-auth"
        },
        {
            "name": "com.amazonaws.ecs.capability.docker-remote-api.1.19"
        },
        {
            "name": "com.amazonaws.ecs.capability.task-iam-role"
        },
        {
            "name": "ecs.capability.container-health-check"
        },
        {
            "name": "ecs.capability.execution-role-ecr-pull"
        },
        {
            "name": "com.amazonaws.ecs.capability.docker-remote-api.1.18"
        },
        {
            "name": "ecs.capability.task-eni"
        },
        {
            "name": "com.amazonaws.ecs.capability.docker-remote-api.1.29"
        }
    ],
    "placementConstraints": [],
    "compatibilities": [
        "EC2",
        "FARGATE"
    ],
    "requiresCompatibilities": [
        "FARGATE"
    ],
    "cpu": "4096",
    "memory": "8192",
    "runtimePlatform": {
        "cpuArchitecture": "X86_64",
        "operatingSystemFamily": "LINUX"
    },
    "registeredAt": "2024-06-27T18:22:51.542Z",
    "registeredBy": "arn:aws:iam::590183925320:user/Muhammad_safyan",
    "tags": []
}
